{"cameraMode":{"drawMode":0,"name":"Shaded","section":"Shading Mode"},"sceneLighting":false,"audioPlay":false,"sceneViewState":{"showFog":true,"showMaterialUpdate":false,"showSkybox":false,"showFlares":true,"showImageEffects":true,"showParticleSystems":true},"in2DMode":false,"pivot":{"x":-0.7904230952262878,"y":-0.27699288725852969,"z":-15.407449722290039},"rotation":{"x":0.260219544172287,"y":0.057642862200737,"z":-0.015692727640271188,"w":0.9638059735298157},"size":4.077674865722656,"orthographic":false}