{"cameraMode":{"drawMode":0,"name":"Shaded","section":"Shading Mode"},"sceneLighting":false,"audioPlay":false,"sceneViewState":{"showFog":true,"showMaterialUpdate":false,"showSkybox":false,"showFlares":true,"showImageEffects":true,"showParticleSystems":true},"in2DMode":false,"pivot":{"x":0.007255524396896362,"y":0.17022089660167695,"z":0.0030555129051208498},"rotation":{"x":0.13369151949882508,"y":0.43120890855789187,"z":-0.06478040665388107,"w":0.8899533748626709},"size":0.767184853553772,"orthographic":false}