{"cameraMode":{"drawMode":0,"name":"Shaded","section":"Shading Mode"},"sceneLighting":false,"audioPlay":false,"sceneViewState":{"showFog":true,"showMaterialUpdate":false,"showSkybox":false,"showFlares":true,"showImageEffects":true,"showParticleSystems":true},"in2DMode":false,"pivot":{"x":23.49587059020996,"y":2.5927746295928957,"z":69.9549560546875},"rotation":{"x":0.3926936984062195,"y":-0.2955736219882965,"z":0.1348046213388443,"w":0.8604820370674133},"size":12.051040649414063,"orthographic":false}