{"cameraMode":{"drawMode":0,"name":"Shaded","section":"Shading Mode"},"sceneLighting":false,"audioPlay":false,"sceneViewState":{"showFog":true,"showMaterialUpdate":false,"showSkybox":false,"showFlares":true,"showImageEffects":true,"showParticleSystems":true},"in2DMode":false,"pivot":{"x":-0.03018951416015625,"y":0.0943024605512619,"z":-0.07714273035526276},"rotation":{"x":0.13369151949882508,"y":0.43120890855789187,"z":-0.06478040665388107,"w":0.8899533748626709},"size":0.5479670763015747,"orthographic":false}