{"cameraMode":{"drawMode":0,"name":"Shaded","section":"Shading Mode"},"sceneLighting":false,"audioPlay":false,"sceneViewState":{"showFog":true,"showMaterialUpdate":false,"showSkybox":false,"showFlares":true,"showImageEffects":true,"showParticleSystems":true},"in2DMode":false,"pivot":{"x":63.006324768066409,"y":3.2773094177246095,"z":58.65858840942383},"rotation":{"x":-0.0789434090256691,"y":0.8986483812332153,"z":-0.1811361163854599,"w":-0.3916541635990143},"size":0.42384055256843569,"orthographic":false}